{"train_loss": [0.6798950748414734, 0.6770739318744686, 0.6722140357424585, 0.6696912879659959, 0.6696646539883464, 0.6678514574177932, 0.666744102875953, 0.6652791589227863, 0.6645616232085781, 0.6640154922886645, 0.6628586557269939, 0.6640043688229427, 0.6613184753508429], "val_loss": [0.669372803859567, 0.6676989187628536, 0.6665264950633722, 0.6667218595574804, 0.6668154793719563, 0.6664295969934337, 0.6656470516531705, 0.6669368413882067, 0.6651087441462357, 0.6665678735955736, 0.6651973037396447, 0.665941869022707, 0.6648703970702579], "train_acc": [0.5678102926337033, 0.5768920282542886, 0.5817356205852674, 0.58627648839556, 0.5849646821392532, 0.5864783047426841, 0.5863773965691221, 0.5906155398587286, 0.5910191725529768, 0.5922300706357215, 0.5941473259334006, 0.5926337033299697, 0.5942482341069627], "val_acc": [0.5932203389830508, 0.5880414312617702, 0.594632768361582, 0.5927495291902072, 0.5903954802259888, 0.5936911487758946, 0.597457627118644, 0.588512241054614, 0.5932203389830508, 0.5908662900188324, 0.594632768361582, 0.5922787193973634, 0.5922787193973634]}