{"train_loss": [0.6962197057775003, 0.6967433995002454, 0.6943158505542728, 0.6929223186433255, 0.6921998079681974, 0.6916360088121277, 0.6889742842355723, 0.6860863622695238, 0.6854632861198017, 0.6812807897626452, 0.6795763677593196, 0.6781667727274081, 0.6763453887281216, 0.6757937526366063, 0.6744340758992492, 0.6749941179417939, 0.673718494543755, 0.6717103191750081, 0.6722542884130892, 0.671320887109947, 0.6704828748067861, 0.6710888812809009, 0.668867140785837, 0.6690318504087138, 0.6699438478583404], "val_loss": [0.6923732336631603, 0.6930612791505013, 0.6913968480688479, 0.6910784744048971, 0.6936100566454526, 0.686226965792884, 0.6865785808886512, 0.6795796603806274, 0.678506531172104, 0.6747806707568986, 0.6806481948680123, 0.6754179162494207, 0.6891632943279101, 0.6750010442823564, 0.6727616304282639, 0.6734955099791906, 0.6677459554708162, 0.6683400377715375, 0.6720073641805775, 0.666683588099794, 0.6680831417525556, 0.6698004115099288, 0.6663323589188456, 0.6677538080179534, 0.666184919253132], "train_acc": [0.5064581231079718, 0.5044399596367306, 0.5044399596367306, 0.5108980827447023, 0.5147325933400605, 0.5225025227043391, 0.5283551967709385, 0.5332996972754793, 0.5349142280524722, 0.5530776992936428, 0.5579212916246216, 0.5644803229061554, 0.5660948536831484, 0.5704339051463169, 0.5738647830474268, 0.5728557013118063, 0.5726538849646822, 0.577598385469223, 0.5804238143289606, 0.5819374369323915, 0.5820383451059535, 0.5819374369323915, 0.5845610494450051, 0.586175580221998, 0.5837537840565086], "val_acc": [0.4774011299435028, 0.5070621468926554, 0.5583804143126178, 0.5480225988700564, 0.5216572504708098, 0.5508474576271186, 0.5423728813559322, 0.556497175141243, 0.5612052730696798, 0.5753295668549906, 0.559322033898305, 0.5677966101694916, 0.5447269303201506, 0.5748587570621468, 0.5795668549905838, 0.5758003766478342, 0.5889830508474576, 0.5870998116760828, 0.5819209039548022, 0.5922787193973634, 0.5894538606403014, 0.5866290018832392, 0.5908662900188324, 0.5889830508474576, 0.5908662900188324]}